dataset,model,failure_kind,id,question,ground_truth,prediction,token_f1,contains_ground_truth,similarity_MiniLM,similarity_BGE,suggested_heuristic_type,human_type,human_notes,human_category
results_wiki,BGE,high_similarity_wrong,sample_3339,"In physics, the number of waves that pass a fixed point in a given amount time is referred to as what ?",wave frequency,Frequency,0.6666666666666666,0,0.7779581546783447,0.8519147038459778,underspecified_or_overspecified_answer,underspecified_or_overspecified_answer,"High-similarity wrong: Prediction shares key content but is either too broad, too narrow, or includes a different level of specificity.",semantic_similarity_limitation
results_wiki,BGE,high_similarity_wrong,sample_547,What is the term for an infection caused by a fungal parasite?,mycosis,Fungal infection,0.0,0,0.5650200843811035,0.8098028898239136,other_or_true_semantic_error,other_or_true_semantic_error,High-similarity wrong: Requires manual review; this may be a genuine model answer error or an unhandled labeling issue.,semantic_similarity_limitation
results_wiki,BGE,high_similarity_wrong,sample_124,"A few earthquakes take place away from plate boundaries, these are called what?",intraplate earthquakes,Intra-plate earthquakes,0.4,0,0.8981689214706421,0.9769126772880554,semantic_relatedness_not_correctness,semantic_relatedness_not_correctness,"High-similarity wrong: Prediction is semantically related to the reference, but relatedness alone may not prove factual correctness.",semantic_similarity_limitation
results_wiki,BGE,high_similarity_wrong,sample_3901,What are mars' moons thought to be?,captured asteroids,Capture asteroids,0.5,0,0.9399471879005432,0.9313304424285889,synonym_or_paraphrase_labeling_artifact,synonym_or_paraphrase_labeling_artifact,High-similarity wrong: Prediction is a close paraphrase or synonym of the reference; automatic exact/token labels may be too strict.,automatic_label_artifact
results_wiki,BGE,high_similarity_wrong,sample_1265,Elements are pure substances that make up what?,all matter,matter,0.6666666666666666,0,0.8418278098106384,0.8272978663444519,underspecified_or_overspecified_answer,underspecified_or_overspecified_answer,"High-similarity wrong: Prediction shares key content but is either too broad, too narrow, or includes a different level of specificity.",semantic_similarity_limitation
results_wiki,BGE,high_similarity_wrong,sample_1092,How is carbon dioxide and water vapor that is produced by cellular respiration released?,exhalation,Exhaled through lungs.,0.0,0,0.673630952835083,0.810830295085907,other_or_true_semantic_error,other_or_true_semantic_error,High-similarity wrong: Requires manual review; this may be a genuine model answer error or an unhandled labeling issue.,semantic_similarity_limitation
results_wiki,BGE,high_similarity_wrong,sample_1016,What type of thin lava forms shapes and tubes as it flows?,pāhoehoe,Pahoehoe,0.0,0,1.0,1.0,semantic_relatedness_not_correctness,semantic_relatedness_not_correctness,"High-similarity wrong: Prediction is semantically related to the reference, but relatedness alone may not prove factual correctness.",semantic_similarity_limitation
results_wiki,BGE,high_similarity_wrong,sample_626,The prevalence of cervical cancer in the united states is very low because of regular screening exams called what?,pap smears,Pap tests,0.5,0,0.7709831595420837,0.8807278871536255,synonym_or_paraphrase_labeling_artifact,synonym_or_paraphrase_labeling_artifact,High-similarity wrong: Prediction is a close paraphrase or synonym of the reference; automatic exact/token labels may be too strict.,automatic_label_artifact
results_wiki,BGE,high_similarity_wrong,sample_3863,What do all sound waves begin with?,vibrating matter,Vibration,0.0,0,0.7183652520179749,0.8403486609458923,other_or_true_semantic_error,other_or_true_semantic_error,High-similarity wrong: Requires manual review; this may be a genuine model answer error or an unhandled labeling issue.,semantic_similarity_limitation
results_wiki,BGE,high_similarity_wrong,sample_494,Producers at the base of ecological food webs are also known as?,autotrophic,Autotrophs,0.0,0,0.8083308339118958,0.8845455050468445,semantic_relatedness_not_correctness,semantic_relatedness_not_correctness,"High-similarity wrong: Prediction is semantically related to the reference, but relatedness alone may not prove factual correctness.",semantic_similarity_limitation
results_wiki,BGE,high_similarity_wrong,sample_3549,"What do marine autotrophs acquire in carbonic acid, its dissolved form?",carbon dioxide,CO2,0.0,0,0.8494597673416138,0.8872535228729248,semantic_relatedness_not_correctness,semantic_relatedness_not_correctness,"High-similarity wrong: Prediction is semantically related to the reference, but relatedness alone may not prove factual correctness.",semantic_similarity_limitation
results_wiki,BGE,high_similarity_wrong,sample_4766,What type of animal eats both plants and animals?,omnivores,Omnivore,0.0,0,0.9600167870521545,0.9447435140609741,semantic_relatedness_not_correctness,semantic_relatedness_not_correctness,"High-similarity wrong: Prediction is semantically related to the reference, but relatedness alone may not prove factual correctness.",semantic_similarity_limitation
results_wiki,BGE,high_similarity_wrong,sample_2745,A weak and temporary dipole that influences nearby atoms through electrostatic attraction and repulsion is known as what?,an instantaneous dipole,Induced dipole,0.5,0,0.7017552852630615,0.8631303906440735,synonym_or_paraphrase_labeling_artifact,synonym_or_paraphrase_labeling_artifact,High-similarity wrong: Prediction is a close paraphrase or synonym of the reference; automatic exact/token labels may be too strict.,automatic_label_artifact
results_wiki,BGE,high_similarity_wrong,sample_405,The body is made up of how many types of tissue?,four,4,0.0,0,0.8942000865936279,0.8634971380233765,numeric_equivalence,numeric_equivalence,High-similarity wrong: Prediction and reference use equivalent numeric forms; automatic labeling/similarity can be sensitive to surface form.,automatic_label_artifact
results_wiki,BGE,high_similarity_wrong,sample_3034,Amoebas and paramecia are examples of what?,protozoa,Protists,0.0,0,0.4838957190513611,0.8143021464347839,other_or_true_semantic_error,other_or_true_semantic_error,High-similarity wrong: Requires manual review; this may be a genuine model answer error or an unhandled labeling issue.,semantic_similarity_limitation
results_wiki,BGE,high_similarity_wrong,sample_2162,What do tadpoles change into?,adult frogs,Frogs,0.6666666666666666,0,0.8245846629142761,0.8368039131164551,underspecified_or_overspecified_answer,underspecified_or_overspecified_answer,"High-similarity wrong: Prediction shares key content but is either too broad, too narrow, or includes a different level of specificity.",semantic_similarity_limitation
results_wiki,BGE,high_similarity_wrong,sample_149,What science includes many fields of science related to our home planet?,earth science,Geosciences,0.0,0,0.6996361613273621,0.8240726590156555,other_or_true_semantic_error,other_or_true_semantic_error,High-similarity wrong: Requires manual review; this may be a genuine model answer error or an unhandled labeling issue.,semantic_similarity_limitation
results_wiki,BGE,high_similarity_wrong,sample_144,What are made of long chains consisting almost solely of carbon and hydrogen?,lipids,Fats,0.0,0,0.6038416028022766,0.822271466255188,other_or_true_semantic_error,other_or_true_semantic_error,High-similarity wrong: Requires manual review; this may be a genuine model answer error or an unhandled labeling issue.,semantic_similarity_limitation
results_wiki,BGE,high_similarity_wrong,sample_458,Where are aerofoils found?,birds and airplanes,Airplanes,0.5,0,0.7588648200035095,0.8245498538017273,underspecified_or_overspecified_answer,underspecified_or_overspecified_answer,"High-similarity wrong: Prediction shares key content but is either too broad, too narrow, or includes a different level of specificity.",semantic_similarity_limitation
results_wiki,BGE,high_similarity_wrong,sample_1001,What is the term for the energy of movement?,mechanical energy,Kinetic Energy,0.5,0,0.6771305799484253,0.8085545301437378,synonym_or_paraphrase_labeling_artifact,synonym_or_paraphrase_labeling_artifact,High-similarity wrong: Prediction is a close paraphrase or synonym of the reference; automatic exact/token labels may be too strict.,automatic_label_artifact
results_wiki,BGE,high_similarity_wrong,sample_1055,What theory explains the physical behavior of gases?,kinetic theory of gases,Kinetic Molecular Theory,0.5714285714285715,0,0.7724248766899109,0.9140296578407288,synonym_or_paraphrase_labeling_artifact,synonym_or_paraphrase_labeling_artifact,High-similarity wrong: Prediction is a close paraphrase or synonym of the reference; automatic exact/token labels may be too strict.,automatic_label_artifact
results_wiki,BGE,high_similarity_wrong,sample_2542,A diver's air bubbles increase in size as he approaches the surface because what decreases?,water pressure,Pressure,0.6666666666666666,0,0.741796612739563,0.8337113857269287,underspecified_or_overspecified_answer,underspecified_or_overspecified_answer,"High-similarity wrong: Prediction shares key content but is either too broad, too narrow, or includes a different level of specificity.",semantic_similarity_limitation
results_wiki,BGE,high_similarity_wrong,sample_3139,What are  electromagnetic waves created by?,oscillating charges,Vibrating electric charges,0.4,0,0.6618019342422485,0.8576818704605103,semantic_relatedness_not_correctness,semantic_relatedness_not_correctness,"High-similarity wrong: Prediction is semantically related to the reference, but relatedness alone may not prove factual correctness.",semantic_similarity_limitation
results_wiki,BGE,high_similarity_wrong,sample_131,"First, high temperature denatures proteins and does what to cells?",kills them,Kills cells,0.5,0,0.5021902918815613,0.8010230660438538,synonym_or_paraphrase_labeling_artifact,synonym_or_paraphrase_labeling_artifact,High-similarity wrong: Prediction is a close paraphrase or synonym of the reference; automatic exact/token labels may be too strict.,automatic_label_artifact
results_wiki,BGE,high_similarity_wrong,sample_2828,What have a symbiotic relationship between a fungus and a photosynthetic organism?,lichens,Lichen,0.0,0,0.9412404894828796,0.9331024885177612,morphology_or_inflection,morphology_or_inflection,High-similarity wrong: Prediction differs mainly by singular/plural or simple inflection; this is likely an automatic-label artifact.,automatic_label_artifact
results_wiki,BGE,high_similarity_wrong,sample_943,Mutations that lead to cancer usually occur in genes that control the cell cycle. these include tumor-suppressor genes and what?,proto-oncogenes,oncogenes,0.6666666666666666,0,0.7713516354560852,0.8349339962005615,underspecified_or_overspecified_answer,underspecified_or_overspecified_answer,"High-similarity wrong: Prediction shares key content but is either too broad, too narrow, or includes a different level of specificity.",semantic_similarity_limitation
results_wiki,BGE,high_similarity_wrong,sample_3803,What does the megaspore mother cell produce after meiosis division?,four haploid megaspores,megaspores,0.5,0,0.6925292611122131,0.8280951976776123,underspecified_or_overspecified_answer,underspecified_or_overspecified_answer,"High-similarity wrong: Prediction shares key content but is either too broad, too narrow, or includes a different level of specificity.",semantic_similarity_limitation
results_wiki,BGE,high_similarity_wrong,sample_3381,Bacteria are what kind of cell?,prokaryotes,Prokaryotic,0.0,0,0.927108883857727,0.9297050833702087,semantic_relatedness_not_correctness,semantic_relatedness_not_correctness,"High-similarity wrong: Prediction is semantically related to the reference, but relatedness alone may not prove factual correctness.",semantic_similarity_limitation
results_wiki,BGE,high_similarity_wrong,sample_3742,What is used for cooling detectors of infrared telescopes?,liquid nitrogen,Liquid helium,0.5,0,0.6014710068702698,0.8278547525405884,synonym_or_paraphrase_labeling_artifact,synonym_or_paraphrase_labeling_artifact,High-similarity wrong: Prediction is a close paraphrase or synonym of the reference; automatic exact/token labels may be too strict.,automatic_label_artifact
results_wiki,BGE,high_similarity_wrong,sample_2159,What contains the spore-forming asci?,the ascocarps,Ascocarp,0.0,0,0.8986137509346008,0.8966065645217896,morphology_or_inflection,morphology_or_inflection,High-similarity wrong: Prediction differs mainly by singular/plural or simple inflection; this is likely an automatic-label artifact.,automatic_label_artifact
results_wiki,BGE,high_similarity_wrong,sample_1009,What happens to charges whenever they are accelerated?,they radiate,Radiate electromagnetic waves.,0.4,0,0.6517032980918884,0.8082607984542847,other_or_true_semantic_error,other_or_true_semantic_error,High-similarity wrong: Requires manual review; this may be a genuine model answer error or an unhandled labeling issue.,semantic_similarity_limitation
results_wiki,BGE,high_similarity_wrong,sample_2275,G2 and s are phases in what process that is important in cell division?,mitosis,Cell cycle,0.0,0,0.49662232398986816,0.8093598484992981,other_or_true_semantic_error,other_or_true_semantic_error,High-similarity wrong: Requires manual review; this may be a genuine model answer error or an unhandled labeling issue.,semantic_similarity_limitation
results_wiki,BGE,high_similarity_wrong,sample_3031,What are the attractive forces that occur between polar molecules called?,dipole-dipole forces,Dipole-dipole interactions,0.6666666666666666,0,0.8572720289230347,0.9006580114364624,synonym_or_paraphrase_labeling_artifact,synonym_or_paraphrase_labeling_artifact,High-similarity wrong: Prediction is a close paraphrase or synonym of the reference; automatic exact/token labels may be too strict.,automatic_label_artifact
results_wiki,BGE,high_similarity_wrong,sample_1276,People with osteoporosis have an increase risk of what?,bone fractures,fractures,0.6666666666666666,0,0.902143120765686,0.8907287120819092,underspecified_or_overspecified_answer,underspecified_or_overspecified_answer,"High-similarity wrong: Prediction shares key content but is either too broad, too narrow, or includes a different level of specificity.",semantic_similarity_limitation
results_wiki,BGE,high_similarity_wrong,sample_4332,What do earth and the other planets in the solar system make around the sun?,elliptical orbits,orbits,0.6666666666666666,0,0.7772454023361206,0.8407711386680603,underspecified_or_overspecified_answer,underspecified_or_overspecified_answer,"High-similarity wrong: Prediction shares key content but is either too broad, too narrow, or includes a different level of specificity.",semantic_similarity_limitation
results_wiki,BGE,high_similarity_wrong,sample_4629,What are typically named for their major physical or climatic factors in addition to their predominant vegetation?,terrestrial biomes,Biomes,0.6666666666666666,0,0.7907138466835022,0.873870849609375,underspecified_or_overspecified_answer,underspecified_or_overspecified_answer,"High-similarity wrong: Prediction shares key content but is either too broad, too narrow, or includes a different level of specificity.",semantic_similarity_limitation
results_wiki,BGE,high_similarity_wrong,sample_57,"Whether the organism is a bacterium, plant, or animal, all living things access energy by breaking down these?",carbohydrate molecules,food molecules,0.5,0,0.6959046125411987,0.8517605662345886,synonym_or_paraphrase_labeling_artifact,synonym_or_paraphrase_labeling_artifact,High-similarity wrong: Prediction is a close paraphrase or synonym of the reference; automatic exact/token labels may be too strict.,automatic_label_artifact
results_wiki,BGE,high_similarity_wrong,sample_4019,What laws regulate radiation doses to which people can be exposed?,radiation protection laws,Radiation Protection Regulations,0.6666666666666666,0,0.9299086928367615,0.8894013166427612,synonym_or_paraphrase_labeling_artifact,synonym_or_paraphrase_labeling_artifact,High-similarity wrong: Prediction is a close paraphrase or synonym of the reference; automatic exact/token labels may be too strict.,automatic_label_artifact
results_wiki,BGE,high_similarity_wrong,sample_4297,What is observed when two perpendicular flagella moves?,spinning motion,Spiral motion,0.5,0,0.6704863905906677,0.8227761387825012,synonym_or_paraphrase_labeling_artifact,synonym_or_paraphrase_labeling_artifact,High-similarity wrong: Prediction is a close paraphrase or synonym of the reference; automatic exact/token labels may be too strict.,automatic_label_artifact
results_wiki,BGE,high_similarity_wrong,sample_720,What forms when an atom gains electrons?,anions,Anion,0.0,0,0.8634361624717712,0.9486968517303467,morphology_or_inflection,morphology_or_inflection,High-similarity wrong: Prediction differs mainly by singular/plural or simple inflection; this is likely an automatic-label artifact.,automatic_label_artifact
results_wiki,BGE,high_similarity_wrong,sample_3704,The separation of compounds on the basis of their solubilities in a given solvent is known as what?,fractional crystallization,Crystallization,0.6666666666666666,0,0.7642862200737,0.8436273336410522,underspecified_or_overspecified_answer,underspecified_or_overspecified_answer,"High-similarity wrong: Prediction shares key content but is either too broad, too narrow, or includes a different level of specificity.",semantic_similarity_limitation
results_wiki,BGE,high_similarity_wrong,sample_1678,What takes both the shape and the volume of their container?,gases,Gas,0.0,0,0.8552170395851135,0.9047123193740845,morphology_or_inflection,morphology_or_inflection,High-similarity wrong: Prediction differs mainly by singular/plural or simple inflection; this is likely an automatic-label artifact.,automatic_label_artifact
results_wiki,BGE,high_similarity_wrong,sample_702,"In harmonic motion there is always what force, which acts in the opposite direction of the velocity?",restorative force,Restoring force,0.5,0,0.6523768901824951,0.8520134091377258,synonym_or_paraphrase_labeling_artifact,synonym_or_paraphrase_labeling_artifact,High-similarity wrong: Prediction is a close paraphrase or synonym of the reference; automatic exact/token labels may be too strict.,automatic_label_artifact
results_wiki,BGE,high_similarity_wrong,sample_986,What do electric motors use to change electrical energy into kinetic?,electromagnets,Magnetic fields,0.0,0,0.6388459801673889,0.8013059496879578,other_or_true_semantic_error,other_or_true_semantic_error,High-similarity wrong: Requires manual review; this may be a genuine model answer error or an unhandled labeling issue.,semantic_similarity_limitation
results_wiki,BGE,high_similarity_wrong,sample_4030,Some materials have negative heats of solution; the dissolution of one of these solutes in water is called?,exothermic process,Endothermic process,0.5,0,0.8119081854820251,0.8688525557518005,synonym_or_paraphrase_labeling_artifact,synonym_or_paraphrase_labeling_artifact,High-similarity wrong: Prediction is a close paraphrase or synonym of the reference; automatic exact/token labels may be too strict.,automatic_label_artifact
results_wiki,BGE,high_similarity_wrong,sample_1656,What do you call chemical reactions that take place inside living things?,biochemical reactions,Metabolic reactions,0.5,0,0.808636486530304,0.870637059211731,synonym_or_paraphrase_labeling_artifact,synonym_or_paraphrase_labeling_artifact,High-similarity wrong: Prediction is a close paraphrase or synonym of the reference; automatic exact/token labels may be too strict.,automatic_label_artifact
results_wiki,BGE,high_similarity_wrong,sample_1939,The term science comes from a latin word that means?,having knowledge,knowledge,0.6666666666666666,0,0.8402135968208313,0.8546445965766907,underspecified_or_overspecified_answer,underspecified_or_overspecified_answer,"High-similarity wrong: Prediction shares key content but is either too broad, too narrow, or includes a different level of specificity.",semantic_similarity_limitation
results_wiki,BGE,high_similarity_wrong,sample_469,An action potential that starts at the axon hillock moves along the axon only toward what?,the synaptic terminals,axon terminals,0.5,0,0.5886073112487793,0.8400039672851562,synonym_or_paraphrase_labeling_artifact,synonym_or_paraphrase_labeling_artifact,High-similarity wrong: Prediction is a close paraphrase or synonym of the reference; automatic exact/token labels may be too strict.,automatic_label_artifact
results_wiki,BGE,high_similarity_wrong,sample_1804,What are materials that are poor thermal conductors called?,thermal insulators,Poor thermal conductors are called insulators.,0.5,0,0.8067762851715088,0.8472177386283875,underspecified_or_overspecified_answer,underspecified_or_overspecified_answer,"High-similarity wrong: Prediction shares key content but is either too broad, too narrow, or includes a different level of specificity.",semantic_similarity_limitation
results_wiki,BGE,high_similarity_wrong,sample_4506,A convergent plate boundary is created when two plates do what?,come toward each other,move towards each other.,0.5,0,0.738964855670929,0.9169676899909973,synonym_or_paraphrase_labeling_artifact,synonym_or_paraphrase_labeling_artifact,High-similarity wrong: Prediction is a close paraphrase or synonym of the reference; automatic exact/token labels may be too strict.,automatic_label_artifact
results_wiki,MiniLM,high_similarity_wrong,sample_1693,The partial pressure of each gas in a mixture is proportional to its what?,mole fraction,proportion by mole,0.4,0,0.8052524924278259,0.83540940284729,synonym_or_paraphrase_labeling_artifact,synonym_or_paraphrase_labeling_artifact,High-similarity wrong: Prediction is a close paraphrase or synonym of the reference; automatic exact/token labels may be too strict.,automatic_label_artifact
results_wiki,MiniLM,high_similarity_wrong,sample_2881,What is the term for dating a rock based on composition decay?,radioactive dating,Radiometric dating,0.5,0,0.8247750401496887,0.9147347211837769,synonym_or_paraphrase_labeling_artifact,synonym_or_paraphrase_labeling_artifact,High-similarity wrong: Prediction is a close paraphrase or synonym of the reference; automatic exact/token labels may be too strict.,automatic_label_artifact
results_wiki,MiniLM,high_similarity_wrong,sample_1203,What is the term for the remains or traces of living organisms?,fossils,Fossil,0.0,0,0.9358166456222534,0.8892495036125183,morphology_or_inflection,morphology_or_inflection,High-similarity wrong: Prediction differs mainly by singular/plural or simple inflection; this is likely an automatic-label artifact.,automatic_label_artifact
results_wiki,MiniLM,high_similarity_wrong,sample_4112,Where does photosynthesis occur in plants?,in chloroplasts,chloroplasts,0.6666666666666666,0,0.9197864532470703,0.8920957446098328,morphology_or_inflection,morphology_or_inflection,High-similarity wrong: Prediction differs mainly by singular/plural or simple inflection; this is likely an automatic-label artifact.,automatic_label_artifact
results_wiki,MiniLM,high_similarity_wrong,sample_220,What does the driving of turbines by the heating of water to steam accomplish?,generation of electricity,Generates electricity.,0.4,0,0.8558413982391357,0.8841770887374878,synonym_or_paraphrase_labeling_artifact,synonym_or_paraphrase_labeling_artifact,High-similarity wrong: Prediction is a close paraphrase or synonym of the reference; automatic exact/token labels may be too strict.,automatic_label_artifact
results_wiki,MiniLM,high_similarity_wrong,sample_3761,What do you call a simple machine consisting of a sloping surface that connects lower and higher elevations?,inclined plane,Incline plane,0.5,0,0.8872367739677429,0.9159031510353088,synonym_or_paraphrase_labeling_artifact,synonym_or_paraphrase_labeling_artifact,High-similarity wrong: Prediction is a close paraphrase or synonym of the reference; automatic exact/token labels may be too strict.,automatic_label_artifact
results_wiki,MiniLM,high_similarity_wrong,sample_2225,What type of device uses electromagnetic induction to change the voltage of electric current?,electronic transformer,Transformer,0.6666666666666666,0,0.8530305027961731,0.8640912175178528,underspecified_or_overspecified_answer,underspecified_or_overspecified_answer,"High-similarity wrong: Prediction shares key content but is either too broad, too narrow, or includes a different level of specificity.",semantic_similarity_limitation
results_wiki,MiniLM,high_similarity_wrong,sample_2560,What are two common weather characteristics of hurricanes?,high winds and rainfall,"Strong winds, heavy rain",0.25,0,0.8435556292533875,0.8318188190460205,other_or_true_semantic_error,other_or_true_semantic_error,High-similarity wrong: Requires manual review; this may be a genuine model answer error or an unhandled labeling issue.,semantic_similarity_limitation
results_wiki,MiniLM,high_similarity_wrong,sample_565,How many different kinds of ions are produced when sodium chloride dissociates ?,two,2,0.0,0,0.8183469772338867,0.8677993416786194,numeric_equivalence,numeric_equivalence,High-similarity wrong: Prediction and reference use equivalent numeric forms; automatic labeling/similarity can be sensitive to surface form.,automatic_label_artifact
results_wiki,MiniLM,high_similarity_wrong,sample_4739,How long can a large star be on the main sequence stage?,10 million years,10 million to 10 billion years,0.6666666666666666,0,0.9067550897598267,0.9440416097640991,numeric_equivalence,numeric_equivalence,High-similarity wrong: Prediction and reference use equivalent numeric forms; automatic labeling/similarity can be sensitive to surface form.,automatic_label_artifact
results_wiki,MiniLM,high_similarity_wrong,sample_1873,Different clouds are associated with different types of what?,weather conditions,weather,0.6666666666666666,0,0.8520411849021912,0.867810845375061,underspecified_or_overspecified_answer,underspecified_or_overspecified_answer,"High-similarity wrong: Prediction shares key content but is either too broad, too narrow, or includes a different level of specificity.",semantic_similarity_limitation
results_wiki,MiniLM,high_similarity_wrong,sample_383,"Different forms, or allotropes, of carbon are diamond, graphite, and what?",fullerenes,fullerene,0.0,0,0.8909990191459656,0.9689473509788513,semantic_relatedness_not_correctness,semantic_relatedness_not_correctness,"High-similarity wrong: Prediction is semantically related to the reference, but relatedness alone may not prove factual correctness.",semantic_similarity_limitation
results_wiki,MiniLM,high_similarity_wrong,sample_2663,"In a carbon triple bond, how many pairs of electrons are shared?",three,3,0.0,0,0.8656187057495117,0.9156866073608398,numeric_equivalence,numeric_equivalence,High-similarity wrong: Prediction and reference use equivalent numeric forms; automatic labeling/similarity can be sensitive to surface form.,automatic_label_artifact
results_wiki,MiniLM,high_similarity_wrong,sample_1377,What carries the instructions from the nucleus to the cytoplasm?,messenger rna,RNA,0.6666666666666666,0,0.835253119468689,0.8440055251121521,underspecified_or_overspecified_answer,underspecified_or_overspecified_answer,"High-similarity wrong: Prediction shares key content but is either too broad, too narrow, or includes a different level of specificity.",semantic_similarity_limitation
results_wiki,MiniLM,high_similarity_wrong,sample_4263,Where does all igneous rock come from?,magma or lava,Magma and lava.,0.6666666666666666,0,0.940530002117157,0.9335408806800842,morphology_or_inflection,morphology_or_inflection,High-similarity wrong: Prediction differs mainly by singular/plural or simple inflection; this is likely an automatic-label artifact.,automatic_label_artifact
results_wiki,MiniLM,high_similarity_wrong,sample_3011,How much electricity is generated by an average car battery?,twelve volts,12 volts,0.5,0,0.9561253786087036,0.9557172060012817,numeric_equivalence,numeric_equivalence,High-similarity wrong: Prediction and reference use equivalent numeric forms; automatic labeling/similarity can be sensitive to surface form.,automatic_label_artifact
results_wiki,MiniLM,high_similarity_wrong,sample_3003,In how many basic was can substances cross the plasma membrane?,two,Three,0.0,0,0.8061561584472656,0.6696773171424866,other_or_true_semantic_error,other_or_true_semantic_error,High-similarity wrong: Requires manual review; this may be a genuine model answer error or an unhandled labeling issue.,semantic_similarity_limitation
results_wiki,MiniLM,high_similarity_wrong,sample_4490,What kind of movement do planets in the solar system make around the sun?,elliptical orbits,Elliptical orbit,0.5,0,0.9615936875343323,0.9736579656600952,morphology_or_inflection,morphology_or_inflection,High-similarity wrong: Prediction differs mainly by singular/plural or simple inflection; this is likely an automatic-label artifact.,automatic_label_artifact
results_wiki,MiniLM,high_similarity_wrong,sample_4418,What should you use to protect your eyes from chemicals?,eye goggles,Safety goggles,0.5,0,0.818644642829895,0.8675839900970459,synonym_or_paraphrase_labeling_artifact,synonym_or_paraphrase_labeling_artifact,High-similarity wrong: Prediction is a close paraphrase or synonym of the reference; automatic exact/token labels may be too strict.,automatic_label_artifact
results_wiki,MiniLM,high_similarity_wrong,sample_1804,What are materials that are poor thermal conductors called?,thermal insulators,Poor thermal conductors are called insulators.,0.5,0,0.8067762851715088,0.8472177386283875,underspecified_or_overspecified_answer,underspecified_or_overspecified_answer,"High-similarity wrong: Prediction shares key content but is either too broad, too narrow, or includes a different level of specificity.",semantic_similarity_limitation
results_wiki,MiniLM,high_similarity_wrong,sample_2723,"What are commonly used to control insect pests, but can have harmful effects on the environment?",insecticides,Pesticides,0.0,0,0.9135580062866211,0.8717679977416992,semantic_relatedness_not_correctness,semantic_relatedness_not_correctness,"High-similarity wrong: Prediction is semantically related to the reference, but relatedness alone may not prove factual correctness.",semantic_similarity_limitation
results_wiki,MiniLM,high_similarity_wrong,sample_924,"When light is absorbed by a material, what may increase?",its temperature,Temperature,0.6666666666666666,0,0.8518868684768677,0.822861909866333,underspecified_or_overspecified_answer,underspecified_or_overspecified_answer,"High-similarity wrong: Prediction shares key content but is either too broad, too narrow, or includes a different level of specificity.",semantic_similarity_limitation
results_wiki,MiniLM,high_similarity_wrong,sample_3612,What is transferred in an acid-base reaction,hydrogen ion,H+ ions,0.0,0,0.8137574791908264,0.9154102802276611,synonym_or_paraphrase_labeling_artifact,synonym_or_paraphrase_labeling_artifact,High-similarity wrong: Prediction is a close paraphrase or synonym of the reference; automatic exact/token labels may be too strict.,automatic_label_artifact
results_wiki,MiniLM,high_similarity_wrong,sample_353,The attraction between all objects in the universe is known as ______.,gravity,gravitation,0.0,0,0.8280612826347351,0.8495526313781738,other_or_true_semantic_error,other_or_true_semantic_error,High-similarity wrong: Requires manual review; this may be a genuine model answer error or an unhandled labeling issue.,semantic_similarity_limitation
results_wiki,MiniLM,high_similarity_wrong,sample_4901,What molecules with a nitrogen base are the basic components of nucleic acids?,nucleiotides,Nucleotides,0.0,0,0.9130929112434387,0.9511590600013733,semantic_relatedness_not_correctness,semantic_relatedness_not_correctness,"High-similarity wrong: Prediction is semantically related to the reference, but relatedness alone may not prove factual correctness.",semantic_similarity_limitation
results_wiki,MiniLM,high_similarity_wrong,sample_3286,"Connected to agriculture, forestry, mining, and urbanization, what is the single biggest cause of extinction today?",habitat loss,Habitat destruction,0.5,0,0.8640176057815552,0.8849877119064331,synonym_or_paraphrase_labeling_artifact,synonym_or_paraphrase_labeling_artifact,High-similarity wrong: Prediction is a close paraphrase or synonym of the reference; automatic exact/token labels may be too strict.,automatic_label_artifact
results_wiki,MiniLM,high_similarity_wrong,sample_1060,What causes fertilization to occur?,sperm and an egg fuse,Sperm meets and fuses with an egg.,0.6,0,0.891029953956604,0.9501231908798218,synonym_or_paraphrase_labeling_artifact,synonym_or_paraphrase_labeling_artifact,High-similarity wrong: Prediction is a close paraphrase or synonym of the reference; automatic exact/token labels may be too strict.,automatic_label_artifact
results_wiki,MiniLM,high_similarity_wrong,sample_3926,What is the term for a disease that is not contagious?,noninfectious disease,Non-infectious disease,0.4,0,0.8845263123512268,0.8918200731277466,semantic_relatedness_not_correctness,semantic_relatedness_not_correctness,"High-similarity wrong: Prediction is semantically related to the reference, but relatedness alone may not prove factual correctness.",semantic_similarity_limitation
results_wiki,MiniLM,high_similarity_wrong,sample_1364,What occurs in a formerly inhabited area that was disturbed?,secondary succession,Succession,0.6666666666666666,0,0.8747928142547607,0.7994877099990845,underspecified_or_overspecified_answer,underspecified_or_overspecified_answer,"High-similarity wrong: Prediction shares key content but is either too broad, too narrow, or includes a different level of specificity.",semantic_similarity_limitation
results_wiki,MiniLM,high_similarity_wrong,sample_4805,What is the type of plant called when its leaves seasonally turn color and fall off?,deciduous plant,Deciduous,0.6666666666666666,0,0.8972094058990479,0.8925638198852539,underspecified_or_overspecified_answer,underspecified_or_overspecified_answer,"High-similarity wrong: Prediction shares key content but is either too broad, too narrow, or includes a different level of specificity.",semantic_similarity_limitation
results_wiki,MiniLM,high_similarity_wrong,sample_4363,The a in atp is short for what?,adenosine,adenine,0.0,0,0.8256504535675049,0.8563432693481445,other_or_true_semantic_error,other_or_true_semantic_error,High-similarity wrong: Requires manual review; this may be a genuine model answer error or an unhandled labeling issue.,semantic_similarity_limitation
results_wiki,MiniLM,high_similarity_wrong,sample_1062,Proto-oncogenes normally help regulate what?,cell division,cell growth and division,0.6666666666666666,0,0.8432656526565552,0.9221115708351135,underspecified_or_overspecified_answer,underspecified_or_overspecified_answer,"High-similarity wrong: Prediction shares key content but is either too broad, too narrow, or includes a different level of specificity.",semantic_similarity_limitation
results_wiki,MiniLM,high_similarity_wrong,sample_466,What happens to the temperature of matter as light is absorbed?,it increases,Increases,0.6666666666666666,0,0.8541367053985596,0.8775575757026672,underspecified_or_overspecified_answer,underspecified_or_overspecified_answer,"High-similarity wrong: Prediction shares key content but is either too broad, too narrow, or includes a different level of specificity.",semantic_similarity_limitation
results_wiki,MiniLM,high_similarity_wrong,sample_1899,"Farsightedness, or hyperopia, is the condition in which distant objects are seen clearly, but nearby objects are?",blurry,blurred,0.0,0,0.8593360781669617,0.8755369186401367,semantic_relatedness_not_correctness,semantic_relatedness_not_correctness,"High-similarity wrong: Prediction is semantically related to the reference, but relatedness alone may not prove factual correctness.",semantic_similarity_limitation
results_wiki,MiniLM,high_similarity_wrong,sample_1265,Elements are pure substances that make up what?,all matter,matter,0.6666666666666666,0,0.8418278098106384,0.8272978663444519,underspecified_or_overspecified_answer,underspecified_or_overspecified_answer,"High-similarity wrong: Prediction shares key content but is either too broad, too narrow, or includes a different level of specificity.",semantic_similarity_limitation
results_wiki,MiniLM,high_similarity_wrong,sample_2182,What two phases does the cell cycle consist of?,interphase and mitotic,Interphase and Mitosis,0.6666666666666666,0,0.8690821528434753,0.9881488680839539,synonym_or_paraphrase_labeling_artifact,synonym_or_paraphrase_labeling_artifact,High-similarity wrong: Prediction is a close paraphrase or synonym of the reference; automatic exact/token labels may be too strict.,automatic_label_artifact
results_wiki,MiniLM,high_similarity_wrong,sample_3088,Minerals that are not pure elements are made of what?,chemical compounds,Compounds,0.6666666666666666,0,0.9084243178367615,0.9127016067504883,underspecified_or_overspecified_answer,underspecified_or_overspecified_answer,"High-similarity wrong: Prediction shares key content but is either too broad, too narrow, or includes a different level of specificity.",semantic_similarity_limitation
results_wiki,MiniLM,high_similarity_wrong,sample_1817,"In police radar, a radar gun sends out short bursts of which waves?",microwaves,microwave,0.0,0,0.935871422290802,0.9469923973083496,semantic_relatedness_not_correctness,semantic_relatedness_not_correctness,"High-similarity wrong: Prediction is semantically related to the reference, but relatedness alone may not prove factual correctness.",semantic_similarity_limitation
results_wiki,MiniLM,high_similarity_wrong,sample_797,The tidal forces near what celestial phenomena are so great they can actually tear matter from a companion star?,black holes,Black hole,0.5,0,0.9441515803337097,0.9340886473655701,synonym_or_paraphrase_labeling_artifact,synonym_or_paraphrase_labeling_artifact,High-similarity wrong: Prediction is a close paraphrase or synonym of the reference; automatic exact/token labels may be too strict.,automatic_label_artifact
results_wiki,MiniLM,high_similarity_wrong,sample_1846,What system protects the soft organs of the body?,skeletal system,Skeleton system,0.5,0,0.8707072734832764,0.8959831595420837,synonym_or_paraphrase_labeling_artifact,synonym_or_paraphrase_labeling_artifact,High-similarity wrong: Prediction is a close paraphrase or synonym of the reference; automatic exact/token labels may be too strict.,automatic_label_artifact
results_wiki,MiniLM,high_similarity_wrong,sample_1714,What is it called when electrons are shared equally?,nonpolar bonds,Nonpolar covalent bond,0.4,0,0.8671671152114868,0.9387082457542419,underspecified_or_overspecified_answer,underspecified_or_overspecified_answer,"High-similarity wrong: Prediction shares key content but is either too broad, too narrow, or includes a different level of specificity.",semantic_similarity_limitation
results_wiki,MiniLM,high_similarity_wrong,sample_979,All of the monatomic ions have oxidation numbers equal to their?,charges,charge,0.0,0,0.8498682975769043,0.9130042791366577,other_or_true_semantic_error,other_or_true_semantic_error,High-similarity wrong: Requires manual review; this may be a genuine model answer error or an unhandled labeling issue.,semantic_similarity_limitation
results_wiki,MiniLM,high_similarity_wrong,sample_3381,Bacteria are what kind of cell?,prokaryotes,Prokaryotic,0.0,0,0.927108883857727,0.9297050833702087,semantic_relatedness_not_correctness,semantic_relatedness_not_correctness,"High-similarity wrong: Prediction is semantically related to the reference, but relatedness alone may not prove factual correctness.",semantic_similarity_limitation
results_wiki,MiniLM,high_similarity_wrong,sample_1204,What type of disease is caused by pathogens?,infectious diseases,Infectious disease,0.5,0,0.9727953672409058,0.9619742631912231,synonym_or_paraphrase_labeling_artifact,synonym_or_paraphrase_labeling_artifact,High-similarity wrong: Prediction is a close paraphrase or synonym of the reference; automatic exact/token labels may be too strict.,automatic_label_artifact
results_wiki,MiniLM,high_similarity_wrong,sample_3581,Glucose and fructose are considered this type of sugar?,"monosaccharides, or simple",Monosaccharides,0.5,0,0.9428414702415466,0.8885918855667114,underspecified_or_overspecified_answer,underspecified_or_overspecified_answer,"High-similarity wrong: Prediction shares key content but is either too broad, too narrow, or includes a different level of specificity.",semantic_similarity_limitation
results_wiki,MiniLM,high_similarity_wrong,sample_3471,The primary lymphoid organs are the bone marrow and what else?,thymus gland,Thymus,0.6666666666666666,0,0.827357292175293,0.8808971047401428,underspecified_or_overspecified_answer,underspecified_or_overspecified_answer,"High-similarity wrong: Prediction shares key content but is either too broad, too narrow, or includes a different level of specificity.",semantic_similarity_limitation
results_wiki,MiniLM,high_similarity_wrong,sample_3189,What do omnivores eat?,plants & animals,Both plants and animals.,0.6666666666666666,0,0.8615658283233643,0.8539371490478516,underspecified_or_overspecified_answer,underspecified_or_overspecified_answer,"High-similarity wrong: Prediction shares key content but is either too broad, too narrow, or includes a different level of specificity.",semantic_similarity_limitation
results_wiki,MiniLM,high_similarity_wrong,sample_366,The kinetic-molecular theory as it applies to gases has how many basic assumptions?,five,5,0.0,0,0.9229784607887268,0.9198909997940063,numeric_equivalence,numeric_equivalence,High-similarity wrong: Prediction and reference use equivalent numeric forms; automatic labeling/similarity can be sensitive to surface form.,automatic_label_artifact
results_wiki,MiniLM,high_similarity_wrong,sample_2917,"What part of a mature plant cell is responsible for storing substances like water, enzymes, and salts?",central vacuole,Vacuole,0.6666666666666666,0,0.8017652034759521,0.86451655626297,underspecified_or_overspecified_answer,underspecified_or_overspecified_answer,"High-similarity wrong: Prediction shares key content but is either too broad, too narrow, or includes a different level of specificity.",semantic_similarity_limitation
results_wiki,MiniLM,high_similarity_wrong,sample_4266,Many countries have attempted to reduce the human impact on climate change by reducing their emission of what greenhouse gas?,carbon dioxide,CO2,0.0,0,0.8494598865509033,0.8872535228729248,other_or_true_semantic_error,other_or_true_semantic_error,High-similarity wrong: Requires manual review; this may be a genuine model answer error or an unhandled labeling issue.,semantic_similarity_limitation
results_wiki,MiniLM,low_similarity_correct,sample_540,Plant cells have structures that animal cells?,lack,lack cell walls,0.5,1,0.35225340723991394,0.6988438963890076,answer_containment_low_embedding_score,answer_containment_low_embedding_score,"Low-similarity correct: Prediction contains the reference answer, but the embedding score is low; short-answer signal may be diluted.",low_similarity_false_negative
results_wiki,MiniLM,low_similarity_correct,sample_685,How many types of galaxies are there?,three,"Three main types: elliptical, spiral, and irregular.",0.25,1,0.1901877373456955,0.7116067409515381,numeric_equivalence,numeric_equivalence,Low-similarity correct: Prediction and reference use equivalent numeric forms; automatic labeling/similarity can be sensitive to surface form.,automatic_label_artifact
results_wiki,MiniLM,low_similarity_correct,sample_715,The oxygen regions of the water molecules have what kind of charge?,negative,Partial negative charge,0.5,1,0.37668898701667786,0.7054963111877441,answer_containment_low_embedding_score,answer_containment_low_embedding_score,"Low-similarity correct: Prediction contains the reference answer, but the embedding score is low; short-answer signal may be diluted.",low_similarity_false_negative
results_wiki,MiniLM,low_similarity_correct,sample_849,How many calories of energy does one gram of sugar or starch provide?,4,4 calories,0.6666666666666666,1,0.374004602432251,0.7618677020072937,numeric_equivalence,numeric_equivalence,Low-similarity correct: Prediction and reference use equivalent numeric forms; automatic labeling/similarity can be sensitive to surface form.,automatic_label_artifact
results_wiki,MiniLM,low_similarity_correct,sample_888,What do skeletal muscles enable the body to do?,move,Enable movement.,0.0,1,0.4043874740600586,0.7631568908691406,answer_containment_low_embedding_score,answer_containment_low_embedding_score,"Low-similarity correct: Prediction contains the reference answer, but the embedding score is low; short-answer signal may be diluted.",low_similarity_false_negative
results_wiki,MiniLM,low_similarity_correct,sample_913,"Under appropriate conditions, the attractions between all molecules in what state will cause them to form liquids or solids?",gas,"Under appropriate conditions, the attractions between all molecules in the gas state will cause them to form liquids or solids.",0.10526315789473684,1,0.47418147325515747,0.684531569480896,overly_long_answer_context_dilution,overly_long_answer_context_dilution,"Low-similarity correct: Prediction embeds the correct answer in a longer sentence, so extra context likely lowers the similarity score.",low_similarity_false_negative
results_wiki,MiniLM,low_similarity_correct,sample_1067,An inclined plane is a good example of what kind of machine?,simple,simple machine,0.6666666666666666,1,0.4965205192565918,0.7881834506988525,answer_containment_low_embedding_score,answer_containment_low_embedding_score,"Low-similarity correct: Prediction contains the reference answer, but the embedding score is low; short-answer signal may be diluted.",low_similarity_false_negative
results_wiki,MiniLM,low_similarity_correct,sample_1237,Are bones considered living or dead tissues?,living,Living tissues,0.6666666666666666,1,0.481525182723999,0.7090210914611816,answer_containment_low_embedding_score,answer_containment_low_embedding_score,"Low-similarity correct: Prediction contains the reference answer, but the embedding score is low; short-answer signal may be diluted.",low_similarity_false_negative
results_wiki,MiniLM,low_similarity_correct,sample_1274,How much distance can beta particles travel through air?,meter,A few centimeters,0.0,1,0.40392178297042847,0.6169152855873108,answer_containment_low_embedding_score,answer_containment_low_embedding_score,"Low-similarity correct: Prediction contains the reference answer, but the embedding score is low; short-answer signal may be diluted.",low_similarity_false_negative
results_wiki,MiniLM,low_similarity_correct,sample_1290,Homologous chromosomes move toward what poles?,opposite,Opposite poles,0.6666666666666666,1,0.40631353855133057,0.8109197616577148,answer_containment_low_embedding_score,answer_containment_low_embedding_score,"Low-similarity correct: Prediction contains the reference answer, but the embedding score is low; short-answer signal may be diluted.",low_similarity_false_negative
results_wiki,MiniLM,low_similarity_correct,sample_1394,The logistics of carrying out cellular metabolism sets limits on what physical property of the cell?,size,Cell size,0.6666666666666666,1,0.49056634306907654,0.7156123518943787,answer_containment_low_embedding_score,answer_containment_low_embedding_score,"Low-similarity correct: Prediction contains the reference answer, but the embedding score is low; short-answer signal may be diluted.",low_similarity_false_negative
results_wiki,MiniLM,low_similarity_correct,sample_1659,What is the fracture called when rocks on both sides move?,a fault,Strike-slip fault,0.5,1,0.4988851249217987,0.7019822001457214,answer_containment_low_embedding_score,answer_containment_low_embedding_score,"Low-similarity correct: Prediction contains the reference answer, but the embedding score is low; short-answer signal may be diluted.",low_similarity_false_negative
results_wiki,MiniLM,low_similarity_correct,sample_1818,"Oxides of small, highly charged ions of what type tend to be acidic?",metal,Oxides of non-metals.,0.0,1,0.42684435844421387,0.6288269758224487,answer_containment_low_embedding_score,answer_containment_low_embedding_score,"Low-similarity correct: Prediction contains the reference answer, but the embedding score is low; short-answer signal may be diluted.",low_similarity_false_negative
results_wiki,MiniLM,low_similarity_correct,sample_2146,"In the case of the thyroid hormone pathway, thyroid hormone itself carries out what kind of feedback?",negative,Negative feedback,0.6666666666666666,1,0.4880053400993347,0.78621506690979,answer_containment_low_embedding_score,answer_containment_low_embedding_score,"Low-similarity correct: Prediction contains the reference answer, but the embedding score is low; short-answer signal may be diluted.",low_similarity_false_negative
results_wiki,MiniLM,low_similarity_correct,sample_2198,A multiaxial ball-and-socket joint has much more mobility than a what hinge joint?,uniaxial,uniaxial hinge joint,0.5,1,0.4356139302253723,0.7941995859146118,answer_containment_low_embedding_score,answer_containment_low_embedding_score,"Low-similarity correct: Prediction contains the reference answer, but the embedding score is low; short-answer signal may be diluted.",low_similarity_false_negative
results_wiki,MiniLM,low_similarity_correct,sample_2255,What type of winds blow only over a limited area?,local,Local winds,0.6666666666666666,1,0.4769902229309082,0.5736182332038879,answer_containment_low_embedding_score,answer_containment_low_embedding_score,"Low-similarity correct: Prediction contains the reference answer, but the embedding score is low; short-answer signal may be diluted.",low_similarity_false_negative
results_wiki,MiniLM,low_similarity_correct,sample_2643,"Condensation, melting, deposition, sublimation, vaporization, and freezing are all considered changes in what?",state,states of matter,0.0,1,0.4911094009876251,0.6946631073951721,answer_containment_low_embedding_score,answer_containment_low_embedding_score,"Low-similarity correct: Prediction contains the reference answer, but the embedding score is low; short-answer signal may be diluted.",low_similarity_false_negative
results_wiki,MiniLM,low_similarity_correct,sample_2847,On what part of bones would you expect to find cartilage?,end,Ends of bone shafts (epiphyses),0.0,1,0.21262797713279724,0.6686102151870728,overly_long_answer_context_dilution,overly_long_answer_context_dilution,"Low-similarity correct: Prediction embeds the correct answer in a longer sentence, so extra context likely lowers the similarity score.",low_similarity_false_negative
results_wiki,MiniLM,low_similarity_correct,sample_3106,What is hole that is dug or drilled through the ground down to an aquifer?,well,Wellfield,0.0,1,0.2841933071613312,0.6839850544929504,answer_containment_low_embedding_score,answer_containment_low_embedding_score,"Low-similarity correct: Prediction contains the reference answer, but the embedding score is low; short-answer signal may be diluted.",low_similarity_false_negative
results_wiki,MiniLM,low_similarity_correct,sample_3148,A plane mirror has a flat reflective surface and forms only which kind of images?,virtual,"Virtual, laterally inverted images.",0.4,1,0.480133056640625,0.6823901534080505,overly_long_answer_context_dilution,overly_long_answer_context_dilution,"Low-similarity correct: Prediction embeds the correct answer in a longer sentence, so extra context likely lowers the similarity score.",low_similarity_false_negative
results_wiki,MiniLM,low_similarity_correct,sample_3166,Researchers have also used insect courtship to explore genetic variation underlying differences in what?,behavior,mating behavior,0.6666666666666666,1,0.4836081266403198,0.8145832419395447,answer_containment_low_embedding_score,answer_containment_low_embedding_score,"Low-similarity correct: Prediction contains the reference answer, but the embedding score is low; short-answer signal may be diluted.",low_similarity_false_negative
results_wiki,MiniLM,low_similarity_correct,sample_3296,Spores are generally produced through what type of reproduction?,sexual,Asexual reproduction,0.0,1,0.43128111958503723,0.6539950370788574,answer_containment_low_embedding_score,answer_containment_low_embedding_score,"Low-similarity correct: Prediction contains the reference answer, but the embedding score is low; short-answer signal may be diluted.",low_similarity_false_negative
results_wiki,MiniLM,low_similarity_correct,sample_3310,Excretory organs that conserve what essential substance help terrestrial animals to avoid desiccation?,water,Kidneys conserve water.,0.5,1,0.4520890414714813,0.6847836971282959,answer_containment_low_embedding_score,answer_containment_low_embedding_score,"Low-similarity correct: Prediction contains the reference answer, but the embedding score is low; short-answer signal may be diluted.",low_similarity_false_negative
results_wiki,MiniLM,low_similarity_correct,sample_3366,"Most hormones are controlled by what type of feedback, which causes the hormone to decrease its own production?",negative,Negative feedback,0.6666666666666666,1,0.4880053699016571,0.7862151861190796,answer_containment_low_embedding_score,answer_containment_low_embedding_score,"Low-similarity correct: Prediction contains the reference answer, but the embedding score is low; short-answer signal may be diluted.",low_similarity_false_negative
results_wiki,MiniLM,low_similarity_correct,sample_3385,How many alleles comes from each parent?,one,One allele from each parent.,0.33333333333333337,1,0.2946486473083496,0.6043398380279541,numeric_equivalence,numeric_equivalence,Low-similarity correct: Prediction and reference use equivalent numeric forms; automatic labeling/similarity can be sensitive to surface form.,automatic_label_artifact
results_wiki,MiniLM,low_similarity_correct,sample_3567,"Within a bud, what is spaced close together because the internodes are very short?",leaves,Buds contain immature leaves and floral parts densely packed.,0.19999999999999998,1,0.4824312925338745,0.6483631134033203,overly_long_answer_context_dilution,overly_long_answer_context_dilution,"Low-similarity correct: Prediction embeds the correct answer in a longer sentence, so extra context likely lowers the similarity score.",low_similarity_false_negative
results_wiki,MiniLM,low_similarity_correct,sample_3843,What type of digestion is chewing an example of?,mechanical,Mechanical digestion,0.6666666666666666,1,0.3961436450481415,0.7036325335502625,answer_containment_low_embedding_score,answer_containment_low_embedding_score,"Low-similarity correct: Prediction contains the reference answer, but the embedding score is low; short-answer signal may be diluted.",low_similarity_false_negative
results_wiki,MiniLM,low_similarity_correct,sample_3846,What kind of bonds are there between carbon atoms in saturated fatty acids?,single,Single bonds,0.6666666666666666,1,0.38571983575820923,0.7477173805236816,answer_containment_low_embedding_score,answer_containment_low_embedding_score,"Low-similarity correct: Prediction contains the reference answer, but the embedding score is low; short-answer signal may be diluted.",low_similarity_false_negative
results_wiki,MiniLM,low_similarity_correct,sample_4023,Hydroelectric power harnesses the energy of what?,water,waterfalls and moving water,0.4,1,0.43258601427078247,0.7218111753463745,answer_containment_low_embedding_score,answer_containment_low_embedding_score,"Low-similarity correct: Prediction contains the reference answer, but the embedding score is low; short-answer signal may be diluted.",low_similarity_false_negative
results_wiki,MiniLM,low_similarity_correct,sample_4066,What do ants and termites eat to help them digest wood and leaves?,fungi,Ants and termites eat fungi to help digest wood and leaves.,0.16666666666666669,1,0.47812962532043457,0.7162944078445435,overly_long_answer_context_dilution,overly_long_answer_context_dilution,"Low-similarity correct: Prediction embeds the correct answer in a longer sentence, so extra context likely lowers the similarity score.",low_similarity_false_negative
results_wiki,MiniLM,low_similarity_correct,sample_4124,How are electrons shared in covalent bonds?,equally,Electrons are shared equally between atoms.,0.2857142857142857,1,0.3237013518810272,0.6792579889297485,overly_long_answer_context_dilution,overly_long_answer_context_dilution,"Low-similarity correct: Prediction embeds the correct answer in a longer sentence, so extra context likely lowers the similarity score.",low_similarity_false_negative
results_wiki,MiniLM,low_similarity_correct,sample_4360,What is algae easier to covert into that corn is currently used for?,fuel,biofuel,0.0,1,0.4941629469394684,0.7373672723770142,answer_containment_low_embedding_score,answer_containment_low_embedding_score,"Low-similarity correct: Prediction contains the reference answer, but the embedding score is low; short-answer signal may be diluted.",low_similarity_false_negative
results_wiki,MiniLM,low_similarity_correct,sample_4614,What is the limiting factor for bacteria in a dish?,space,"Resources (food, space, oxygen)",0.4,1,0.3680990934371948,0.7413884997367859,overly_long_answer_context_dilution,overly_long_answer_context_dilution,"Low-similarity correct: Prediction embeds the correct answer in a longer sentence, so extra context likely lowers the similarity score.",low_similarity_false_negative
results_wiki,MiniLM,low_similarity_correct,sample_4879,The enzyme pepsin works only in the presence of what?,acid,acidulent environment,0.0,1,0.4899357855319977,0.728726327419281,answer_containment_low_embedding_score,answer_containment_low_embedding_score,"Low-similarity correct: Prediction contains the reference answer, but the embedding score is low; short-answer signal may be diluted.",low_similarity_false_negative
results_wiki,MiniLM,low_similarity_correct,sample_4910,What is cholera?,bacteria,Bacterial infection caused by Vibrio cholerae.,0.0,1,0.4293804168701172,0.691378653049469,overly_long_answer_context_dilution,overly_long_answer_context_dilution,"Low-similarity correct: Prediction embeds the correct answer in a longer sentence, so extra context likely lowers the similarity score.",low_similarity_false_negative
